sample,status,reason
0b4071d176141e739f3dce84c44f02e194f5be4cd12a3fb4945d84dd43600b25,included,
142b78add17ae70fd5e5d3d5d3d66bec9fd2ac2ea1b4a11ef2e95538de829446,included,
1887f2d1c3bf38a64cafe43c761851897cf15067f8e61eb6b6c1aecadadcde66,included,
1bf1340c4954246861b4901b6a06e1aaa79ef186d1950dbc7f1c22a023f3f406,included,
30788d7f420b84cf1f32fc63704e7fd0bbf044135b9f19d139a669c669d3ff59,included,
382dc078f427e7a2e34bfd03c4d8634f4f2b93cba6e840bfca50dab7f7f7727a,included,
4be16b2978b746c0eb0533f91a5de765f783ccd1bfd914deb921e90d7301d2ea,included,
521fde08efe2ab747ba0f6d801171e3c7e69be69193900724fe70887c4fe547a,included,
5345bd744accf98558645413cf859bc512d178ad80511e1e026055c00bf7357b,included,
596708afb8304f000edd88a732d8aafdacdde890ccf106b284515f38bbad27d4,included,
5cb66e406686baad686a0aefc1a722b240563d9018b8000a86adfed4137945e0,included,
6704d9f607de485227d377b79840e59f65ad8e5a47883c08e86d3bdfccc91b3a,included,
72b0288d2ca9b49417c62430c447d13b782f76553567dda143e1fe3e3fa0d657,included,
803b8565ecdec7a649d08f9ca48cb2a75307a87b36e92f993f5f5e615384ea94,included,
87f032e23811caa9fe970b6a8ab65ade386f4e510d0b8ec5ab1ecf18d50a98b4,included,
8e86294bb3504f34708f1c4ea4ebaea738b0220ec1cc4c2fa13a1f061d9b2ccd,included,
a6fbff58f3f4137fffa2f0d046343f7245c4a69ebd79df25aa2d2c0197af1a94,included,
aeef43f5c1eabdd34d47865b3d0401b88eb45e7c7828e6be4dbc24f15dbb040d,included,
afa39766846c6ca29d124adff8a164f10c9454754ec0fab4e9c1683165ab37b1,included,
b253914705ee609fca35a9bb69f318b7e871e14844f2dfcdc1ed7287d7bf6771,included,
b6a5fad8301562cadab74015ece5957ea782810530997f051b498083b085a2cd,included,
d3f47a263a810cfc1998780f0a47ea01c6a197c2f57cf62e60d7709032e4cb4b,included,
dnsamp_2d54aeb901e3e25080c2b76575490681,included,
dnsamp_3af4de9a33342ac4d4eaaae79de427dd,included,
dnsamp_4c81f4e12433cf9e336e52371b32db52,included,
dnsamp_c5bb3d850627b89ecfab52765311d6d8,included,
dofloo_3bc69d3a9bd494d19911c279483fd626,included,
e4fb9fa9a3d8167997133b6da09766b2113af3eebd1bc036d000648514610412,included,
e52e8e2ebfc9964e216fbee0d6a48423b59e6b4212b7a6d3a2ec7d5e72e300d9,included,
e5b05cd22ea137f29351c6995e43eea0c5ec082e70ee3b6012e9c06c31068586,included,
e8dd6cdf0e6080389d02db9e85ccbf5512a6e04670428654c01e8e321e24acfe,included,
eae10853be098476c31a1cb7d37c3b2dbc7ef80d73ce9d64306962eca8be8cc2,included,
f3ae92c7ac6a714f2eeec0e410a1a7a9b7738ce45d236e9a1032a74ac007ce75,included,
fba96428f3abad42d2d2d3fc732d5a7e0f0bae85cb818bc2db86c9c6cc8177ca,included,
flooder_1085cf26d04985573e3419346108b62e,included,
flooder_171cba7c6d43fd0cc775f3933b686545,included,
flooder_37339c484c878469166ad56cb2bfeadd,included,
flooder_5ebcfd4db3fcfefba6d60734cb1c9304,included,
flooder_6139657db08c3e9d5d2399259e8eaaa0,included,
gafgyt_5bede1cc012ca8223f944402fb53c3d4,included,
gafgyt_5c1905e8b1265ca322e578fafa2378c2,included,
gafgyt_5cbc0f73a07db563d17ef535f745dd60,included,
gafgyt_5d0816092ebe16b919862db3f676c001,included,
gafgyt_5d223f466ba8094c418c90c626b14d86,included,
gafgyt_5d4aae975de2ecffedf49ea6aa2782c9,included,
gafgyt_5d6a5fef04949dec91254df1220143df,included,
gafgyt_5d9cc7bfc09cc427610607c47f3affc0,included,
gafgyt_5df0afdff265bbb2e3fc43e465fd6cc6,included,
gafgyt_5e1a85d46f93164d087b280297d2b7da,included,
gafgyt_5e488aa38ebdb176d11fdbfa4291982f,included,
gafgyt_5e610fd8874e8d001001c3d046240045,included,
gafgyt_5e85ac2809d4357b4431b35dbd8799da,included,
gafgyt_5e86fd7a634d912a7aa631b72f75eb79,included,
gafgyt_5eef745d7949da261f1c18f3ab0c443b,included,
gafgyt_5f0ec62db484126df96b8c18a90e8a14,included,
gafgyt_5f5a44d2551a1191e79fcc931d6e7e2b,included,
gafgyt_b06fce548d28dd637cca86f2c5474e5e,included,
gafgyt_b20c8a9214618d3137dc9ccb748bb6fc,included,
gafgyt_b26a7c4b4ee0319e9db7a5f2675ab001,included,
gafgyt_b5024715ec6c9438743d38764fceb2ce,included,
gafgyt_b51784d2965e13ce72625143c10deed9,included,
gafgyt_b62c219597425033c8bbfb6f589c0511,included,
gafgyt_b667adac35247238176fa46b69b87365,included,
gafgyt_b6c45efe9ac3f61e5bac910e99d60a6a,included,
gafgyt_b6d7f1dd32701efe6c6fa1dada1c9829,included,
gafgyt_b853fc94f14bcdb8405e9834f0f07143,included,
gafgyt_b9fbce86a2f1376b043cd8c625ec4606,included,
gafgyt_ba1bc6071d6ec7fa5d5c23d22404752a,included,
gafgyt_ba31a82f2d501fb7f5f86ac2d797a551,included,
generica_10f5beac257a92665866cdc99550b7bb,included,
generica_1d4e1b142a47d1b534d7e2ba4e3920a2,included,
mirai_00f8bfd47a12344cd7483f86efd273f3,included,
mirai_02b0b977ce5d3a6c2f04b58b4900436d,included,
mirai_0a14555a4af2a0749257b79deeb10e34,included,
mirai_0a1db01a4a4aa5d8629415fea2380eda,included,
mirai_0a4513081f73bcf56a383ed8ff0d825f,included,
mirai_0a67004c0ca4d9c1a83be11a589b0c86,included,
mirai_0ac31b0072bbe3f1e9d3146d9d16e3a3,included,
mirai_0b70f466a13e6e64afc32cf834b3e5ba,included,
mirai_0ba3230d73f54d84debb4add1010d140,included,
mirai_0d923775f1f4e458900514e8d99f9155,included,
mirai_0dcd15c33019e7d6dd278313fdeb2492,included,
mirai_0e70b36269e39d29e630890c17509ac7,included,
mirai_0f158a2bad3c784a5d74288dfd26c282,included,
mirai_0f36a0653bcf412bb5341fba6af9c594,included,
mirai_0fa7cdccbed540d1d6ddf479a0b2a826,included,
mirai_0fc716ad0229eee4b71a8beb83a47572,included,
mirai_1ab45c6ad68e090b497c72baafc953bc,included,
mirai_1bad6d0b3b090bec71f9d308551aacff,included,
mirai_1bd8d1733e1315eb7f6fa966154b3e16,included,
mirai_1c4d1d9c1fdc797fc4b70b5b3913f3fb,included,
mirai_1d901917829d8420958793c62ebc674f,included,
mirai_2a559d3affd695b00e8e5a0d09cacaf5,included,
mirai_2bd6e00606867405c7207f2abb02eb09,included,
mirai_2c919ad0316fe693318b5551a10a726a,included,
mirai_2cab0e1c74c0897cb5228d1194db710e,included,
mirai_2efe0f71080d673aa695ae55fa5021de,included,
mirai_2f724399751e0e7a3beabfafd6b1e1c3,included,
rootkit_5a6fd63f4ffc6037dc192b6c3f456e87,included,
rootkit_87370de697847a69a9a90ba567c10f9e,included,
rootkit_b760b16916edb59b9008cb4900498ad9,included,
rootkit_c36625389cb4739518472de4298536fb,included,
rootkit_c4471e977dcce55f05da188406d38da7,included,
tsunami_5a2fcfff8d6aab9a0abe9ca97f6093ed,included,
tsunami_642f523bb46c2e901416047dca1c5d4e,included,
tsunami_9b7f5a1228fa66cbd35e75fb774fdc8e,included,
tsunami_b615ceb39271099d8e1604f6bb95640c,included,
tsunami_baba921bf845cd46161eb96544155e40,included,
tsunami_d26c322e2439971a3b9cd65e27fdd311,included,
tsunami_d2fae43dae770a5137fbecaf84892701,included,
tsunami_d43948314aca324b52993d192cf74d02,included,
tsunami_d788ccaaa5d677a2e5cabe8b561c6452,included,
tsunami_db6ac9b7594a498a2f4f2108436acc02,included,
tsunami_db7eec3f7a375bf9a4d2eb4c130a1556,included,
tsunami_de2e41048e3a54ac1e6bbae91ae999ab,included,
tsunami_e29b065e2082940806538cfa93aac64c,included,
tsunami_e378a9f4393cd0b112415b594e1c1043,included,
tsunami_e5ef047abe703144c078345c7fe33521,included,
tsunami_e8a51b1b7a4d8c5b0498890062ba06a5,included,
tsunami_e8ca1c8cbdcc73b6dd83e6b9e5e979f3,included,
tsunami_e9658d751baefff8b99cf6d0e0e5abee,included,
tsunami_ead453a06315bfc702ad302821337fc2,included,
tsunami_ebea7ba0b377cf87c8262233aed11af8,included,
tsunami_ee07542f7dba6a60342424faf92af201,included,
02b92b6a11999fc277898e46bc8f635adba0e18ce135c754e2c3423f3bf6d5ae,excluded,Packed binary
095a4a535896e3575fb92a3157e46ae910803de2edb7365b6e7e2dd36cce286a,excluded,Packed binary
0d6e1d5025a6c55bb077895ae1523c54337d8d5bf501faf9b3628129e2d362b9,excluded,Packed binary
0f111c1b32b448b412c318a2f1ce2e0c6f2f68b9136dafa874889278c9702d88,excluded,Packed binary
1332d70d4b5325fc6bc1e575372b5f513e79c5a5079f61337b44f69614463647,excluded,Packed binary
16bf0b9d03c01c9e12b0e32e7a52d243b0ae6c2b040d0a5da3124d2e8eea3e9b,excluded,Packed binary
1750cb0df5c35cde3a22081d0c1b5911c3875efce932244c906cb0c961cc5e30,excluded,Go binary
1b03b3c0e2929e1452b99ba923c6f4388a2d889244975b83883f7c68ec32dab2,excluded,Packed binary
1bd3745a4f9043ead807d7777669b0dbf5b56985e5b3dd9d7cff8384154ea4a8,excluded,Go binary
1c3d6775c2b57d94e8b21b56859da3a1e5ad13a1e6a788ae99412257789edbe1,excluded,Packed binary
2,excluded,Shared object
23b7cba865e8bc974b09885dcaaba9574b6e124ef4df0f751a4b076b60b57eeb,excluded,Packed binary
2bddfd2a2be55a42a621a4c234f39e2a5756557f6ec03ef72eb7d1880e1a02fe,excluded,Go binary
318d66e1c137f9f3659954f2f9f986344e443a929abd3ff2518b1515e8f72227,excluded,Packed binary
38af87c8b02e9b1fb7ab06416f7e747e1f84033fddefc8d580c630831bf0413c,excluded,Go binary
3cbce4117e94894afda82e30ec03c283591c302f20d3a592232decd56c6c98ed,excluded,Packed binary
44c62e465a3ad8c8fe0f851466427f132722d21c416220c37f1c87a95ecd45ae,excluded,Go binary
4a9665680fe3a301eb6d2a0f63a3e4e7e656bb44380450cc24e0162fa5915211,excluded,Packed binary
4b4e7fdfce62e8b23aa9a236143e90092e17ece819b3d7e4529555000abd72ca,excluded,Go binary
53d667b17ea6a5f03abe1dbbd09cfe51c27b758ebc936bbf41af55bf2768f543,excluded,Go binary
5716037c0f23247c4baa92c9398fa8ed89166d38e826a528f2ad62abaff968cd,excluded,Packed binary
58d98b94e804faa1bf528e3e4ad7923ad118b045ce9effd637721bc0704a009b,excluded,Packed binary
625faeed889e109b425c5f67be371e3e0c6d9b794ea8974e79b4c085aa896340,excluded,Packed binary
62aa24a3c6db58a1937ec12790ac107625f70086f7a87e4a5eb2f68bcbe56af8,excluded,Packed binary
7c6e74abfa3ea821194699d7d5b0480e08dcf863143d083fe68cdc51c198826d,excluded,Packed binary
7e4d2b3b032eb50d65580ac1ccd5e2544e2deabd27317fd99fc4cc3511cb242e,excluded,Static-PIE binary
7eeb49a12710a14273958e8a5c0594987416ce88d46e57f5c28906d9ff892c1d,excluded,Go binary
86d162d2e4ae90daad260faa7df25be2e28bc70a97d0d0548d80a670177a2739,excluded,Go binary
87ca4c2b82172b7ea67acb751a1538e9ba725b97ef7c2d1067c6390b4261cf37,excluded,Packed binary
9286fd85002dbc2abc431b816ca8237a2563015f73926f1cf3b379726bb46b78,excluded,Packed binary
9e5b93d3095f577136717e6aae8b51fea50d66ef9123eedccfc23b8faebf6d6c,excluded,Packed binary
9f50e2753e2b2a2f97b7e41122eb0e732910dd567ccaccdd68f9aff804cf8708,excluded,Packed binary
a326333799d5c425a31de391c84c839de3a25b39bf9c4ba3bed95aac8ea0043f,excluded,Shared object
a710f4687dfd5647b5e54106a29a0e4a606498ffad07d6913bf115697c33ddd8,excluded,Go binary
a8bf9a1f5ec1502b8f391c49f533d336e05f39f3a20e5fa1dafd796bceadf48d,excluded,Go binary
aa1af69f17799d694f2f8b233644d9bfcd904149978d2040c5871b22ec179d9a,excluded,Packed binary
bde1497065eaf5ab34cba7bd96a8e21d5b6bb53c1fa031acb283187cf208dc87,excluded,Packed binary
c0dfbe27877c54e2e546908d518a9a1683ed597871ebbdd4b692bda27ad50923,excluded,Packed binary
c6dd2cf27b42c1f06f098b489bc44e153e1eb855e923ebe4d0e9ff56a780b82d,excluded,Packed binary
d117f06588c31308b2e3b6e3d8efd3b565085dc0e9cb59d718678b8231ec1465,excluded,Go binary
d5a0377ee9f1732a6f10372750fd638e081edf44a9703eda5d5ef53a2ab82f43,excluded,Packed binary
d8a096c35f124bb243abc801ff3af7c29f783033ae9a6a0864dcc3fb7828d454,excluded,Packed binary
da742e29ac2c731b3c7af7c1593edb13fd492c69ac894251c40ba4945734acb9,excluded,Packed binary
dcbb54ffa785a62cad9e6f61cd46deb863d8449f1f1ac32b11fa50e6f29db80b,excluded,Packed binary
decafa3d6023701eec07d0d0f1ac5b8070a47bb979a5d18d2e70296e51f1e2c4,excluded,Static-PIE binary
dnsamp_3ede781c8a49e64f8fe62c07e6bfda4b,excluded,Packed binary
dofloo_0132c766b1855c27819d9c108c7954c2,excluded,Packed binary
dofloo_2a24bde255b6e5f37b89a3ca85d1634c,excluded,Packed binary
dofloo_384b2d447d0e792e0217dbc83d4603a1,excluded,Packed binary
dofloo_3e586a685f76bea7cafffe0c8dfb8228,excluded,Packed binary
e60d7a3c7b85036f7b63c754c9d3f41b7c0e7a4029a4876d59685eb17392d204,excluded,Go binary
f0b81d67a4298aa1fccc84a4d0b9b1dabd68326d77d2fe75e100325645269050,excluded,Packed binary
f65b73622f2228525a059662c909c97bc2ff655da409cd915de5841d0d30e537,excluded,Go binary
ff86e2a06ae29422a4085e1dcbbfa32d4748a8cb1e6e194505a32ae6b6460295,excluded,Packed binary
gafgyt_0a4f52689a2d288c01efcbd381e30cc8,excluded,Packed binary
gafgyt_5d3e349737fef96a628f9855e70cf05d,excluded,Packed binary
gafgyt_b3889f04e771ebf23017956d1a987de3,excluded,Packed binary
gafgyt_b52fd4ef268b7daf3def8968e1ee0536,excluded,Packed binary
gafgyt_bb8671bd8fe7bd3a8b118b4c353c5428,excluded,Packed binary
generica_0b2d19947729135a78f10870760fb9c8,excluded,Packed binary
generica_2d2d8789a0d63a68aaddbf4611e6b9b1,excluded,Packed binary
generica_45c8504d9dc720e20e74f006e45b0f42,excluded,Packed binary
generica_49d6f506b0849bcafb1fafae98834876,excluded,Packed binary
generica_64f11b25eba509b5ef958b0bd70398d3,excluded,Packed binary
generica_7b05186472f343fd12915f26e2f97b46,excluded,Packed binary
generica_8d51a30c0c6a894a28f9f41879012bb2,excluded,Go binary
generica_b354eaf3061b4099aecac523eb5466a3,excluded,Packed binary
mirai_0c9dfac76431689da56df46af0bcfc9e,excluded,Packed binary
mirai_0d43c244494c4182b866a3c7218628b4,excluded,Packed binary
mirai_1c481e17b30486eea08c092675acf1ba,excluded,Packed binary
rootkit_39e72de264990220de6b2457054fe5fb,excluded,Shared object
rootkit_8e9a927abba3fe269d24fc9f6bfe197d,excluded,Shared object
rootkit_ccef46c7edf9131ccffc47bd69eb743b,excluded,Shared object
rootkit_ebf1ed323b01cee04bae21e395edea3f,excluded,Shared object
rootkit_fe9d149dec9cd182254ace576a332f56,excluded,Shared object
tsunami_ceb9a55eaa71101f86b14c6b296066c9,excluded,Packed binary
tsunami_d9f82dbf8733f15f97fb352467c9ab21,excluded,Packed binary
tsunami_f278f98c99f7c491ec69e14f54ba67e4,excluded,Packed binary
tsunami_fdd5532c5ec4d3238d2fd36b0a0b187f,excluded,Packed binary
